{"v":"5.7.4","fr":30,"ip":0,"op":300,"w":1500,"h":1500,"nm":"Breathing animation","ddd":0,"assets":[],"fonts":{"list":[{"fName":"Museo500-Regular","fFamily":"Museo","fStyle":"500","ascent":70.599365234375}]},"layers":[{"ddd":0,"ind":1,"ty":5,"nm":"Breathe out","sr":1,"ks":{"o":{"a":1,"k":[{"i":{"x":[0.833],"y":[0.833]},"o":{"x":[0.167],"y":[0.167]},"t":120,"s":[0]},{"i":{"x":[0.833],"y":[0.833]},"o":{"x":[0.167],"y":[0.167]},"t":140,"s":[100]},{"i":{"x":[0.833],"y":[0.833]},"o":{"x":[0.167],"y":[0.167]},"t":279,"s":[100]},{"t":299,"s":[0]}],"ix":11},"r":{"a":0,"k":0,"ix":10},"p":{"a":0,"k":[749.838,755.242,0],"ix":2,"l":2},"a":{"a":0,"k":[0.485,-15.726,0],"ix":1,"l":2},"s":{"a":1,"k":[{"i":{"x":[0.833,0.833,0.833],"y":[0.833,0.833,0.833]},"o":{"x":[0.167,0.167,0.167],"y":[0.167,0.167,0.167]},"t":120,"s":[125,125,100]},{"t":299,"s":[100,100,100]}],"ix":6,"l":2}},"ao":0,"t":{"d":{"k":[{"s":{"s":45,"f":"Museo500-Regular","t":"Breathe out","j":2,"tr":0,"lh":54,"ls":0,"fc":[0.435,0.522,0.937]},"t":0}]},"p":{},"m":{"g":1,"a":{"a":0,"k":[0,0],"ix":2}},"a":[]},"ip":120,"op":300,"st":0,"bm":0},{"ddd":0,"ind":2,"ty":5,"nm":"Breathe in","sr":1,"ks":{"o":{"a":1,"k":[{"i":{"x":[0.833],"y":[0.833]},"o":{"x":[0.167],"y":[0.167]},"t":0,"s":[0]},{"i":{"x":[0.833],"y":[0.833]},"o":{"x":[0.167],"y":[0.167]},"t":20,"s":[100]},{"i":{"x":[0.833],"y":[0.833]},"o":{"x":[0.167],"y":[0.167]},"t":100,"s":[100]},{"t":120,"s":[0]}],"ix":11},"r":{"a":0,"k":0,"ix":10},"p":{"a":0,"k":[749.432,755.242,0],"ix":2,"l":2},"a":{"a":0,"k":[0.079,-15.726,0],"ix":1,"l":2},"s":{"a":1,"k":[{"i":{"x":[0.833,0.833,0.833],"y":[0.833,0.833,0.833]},"o":{"x":[0.167,0.167,0.167],"y":[0.167,0.167,0.167]},"t":0,"s":[100,100,100]},{"t":120,"s":[125,125,100]}],"ix":6,"l":2}},"ao":0,"t":{"d":{"k":[{"s":{"s":45,"f":"Museo500-Regular","t":"Breathe in","j":2,"tr":0,"lh":54,"ls":0,"fc":[0.435,0.522,0.937]},"t":0}]},"p":{},"m":{"g":1,"a":{"a":0,"k":[0,0],"ix":2}},"a":[]},"ip":0,"op":148,"st":0,"bm":0},{"ddd":0,"ind":3,"ty":4,"nm":"Shape Layer 9","sr":1,"ks":{"o":{"a":0,"k":100,"ix":11},"r":{"a":0,"k":144.249,"ix":10},"p":{"a":0,"k":[750,750,0],"ix":2,"l":2},"a":{"a":0,"k":[0,0,0],"ix":1,"l":2},"s":{"a":0,"k":[99,99,100],"ix":6,"l":2}},"ao":0,"shapes":[{"ty":"gr","it":[{"ty":"rc","d":1,"s":{"a":0,"k":[27.08,52.457],"ix":2},"p":{"a":0,"k":[0,0],"ix":3},"r":{"a":0,"k":20,"ix":4},"nm":"Rectangle Path 1","mn":"ADBE Vector Shape - Rect","hd":false},{"ty":"st","c":{"a":0,"k":[1,1,1,1],"ix":3},"o":{"a":0,"k":100,"ix":4},"w":{"a":0,"k":0,"ix":5},"lc":1,"lj":1,"ml":4,"bm":0,"nm":"Stroke 1","mn":"ADBE Vector Graphic - Stroke","hd":false},{"ty":"fl","c":{"a":0,"k":[1,1,1,1],"ix":4},"o":{"a":0,"k":100,"ix":5},"r":1,"bm":0,"nm":"Fill 1","mn":"ADBE Vector Graphic - Fill","hd":false},{"ty":"tr","p":{"a":0,"k":[-0.722,-424.689],"ix":2},"a":{"a":0,"k":[0,0],"ix":1},"s":{"a":0,"k":[100,100],"ix":3},"r":{"a":0,"k":0,"ix":6},"o":{"a":0,"k":100,"ix":7},"sk":{"a":0,"k":0,"ix":4},"sa":{"a":0,"k":0,"ix":5},"nm":"Transform"}],"nm":"Rectangle 1","np":3,"cix":2,"bm":0,"ix":1,"mn":"ADBE Vector Group","hd":false}],"ip":0,"op":300,"st":0,"bm":0},{"ddd":0,"ind":4,"ty":4,"nm":"Shape Layer 8","sr":1,"ks":{"o":{"a":0,"k":100,"ix":11},"r":{"a":0,"k":0,"ix":10},"p":{"a":0,"k":[750,750,0],"ix":2,"l":2},"a":{"a":0,"k":[0,0,0],"ix":1,"l":2},"s":{"a":0,"k":[99,99,100],"ix":6,"l":2}},"ao":0,"shapes":[{"ty":"gr","it":[{"ty":"rc","d":1,"s":{"a":0,"k":[27.08,52.457],"ix":2},"p":{"a":0,"k":[0,0],"ix":3},"r":{"a":0,"k":20,"ix":4},"nm":"Rectangle Path 1","mn":"ADBE Vector Shape - Rect","hd":false},{"ty":"st","c":{"a":0,"k":[1,1,1,1],"ix":3},"o":{"a":0,"k":100,"ix":4},"w":{"a":0,"k":0,"ix":5},"lc":1,"lj":1,"ml":4,"bm":0,"nm":"Stroke 1","mn":"ADBE Vector Graphic - Stroke","hd":false},{"ty":"fl","c":{"a":0,"k":[1,1,1,1],"ix":4},"o":{"a":0,"k":100,"ix":5},"r":1,"bm":0,"nm":"Fill 1","mn":"ADBE Vector Graphic - Fill","hd":false},{"ty":"tr","p":{"a":0,"k":[-0.722,-424.689],"ix":2},"a":{"a":0,"k":[0,0],"ix":1},"s":{"a":0,"k":[100,100],"ix":3},"r":{"a":0,"k":0,"ix":6},"o":{"a":0,"k":100,"ix":7},"sk":{"a":0,"k":0,"ix":4},"sa":{"a":0,"k":0,"ix":5},"nm":"Transform"}],"nm":"Rectangle 1","np":3,"cix":2,"bm":0,"ix":1,"mn":"ADBE Vector Group","hd":false}],"ip":0,"op":300,"st":0,"bm":0},{"ddd":0,"ind":5,"ty":4,"nm":"Shape Layer 6","sr":1,"ks":{"o":{"a":0,"k":100,"ix":11},"r":{"a":1,"k":[{"i":{"x":[0.584],"y":[1]},"o":{"x":[0.403],"y":[0]},"t":0,"s":[1318.763]},{"i":{"x":[0.611],"y":[1]},"o":{"x":[0.38],"y":[0]},"t":120,"s":[1463.176]},{"t":299,"s":[1678.763]}],"ix":10},"p":{"a":0,"k":[750,750,0],"ix":2,"l":2},"a":{"a":0,"k":[0,0,0],"ix":1,"l":2},"s":{"a":0,"k":[100,100,100],"ix":6,"l":2}},"ao":0,"hasMask":true,"masksProperties":[{"inv":false,"mode":"a","pt":{"a":0,"k":{"i":[[-12.494,25.861],[0,0],[0,0],[-56.022,52.74]],"o":[[4.898,-27.423],[0,0],[0,0],[39.704,-37.378]],"v":[[401.867,193.632],[290.198,121.264],[285.512,287.149],[327.991,298.399]],"c":true},"ix":1},"o":{"a":0,"k":100,"ix":3},"x":{"a":0,"k":0,"ix":4},"nm":"Mask 1"}],"shapes":[{"ty":"gr","it":[{"d":1,"ty":"el","s":{"a":0,"k":[87.828,87.828],"ix":2},"p":{"a":0,"k":[0,0],"ix":3},"nm":"Ellipse Path 1","mn":"ADBE Vector Shape - Ellipse","hd":false},{"ty":"st","c":{"a":0,"k":[0.96470600203,0.701960963829,0.501960963829,1],"ix":3},"o":{"a":0,"k":100,"ix":4},"w":{"a":0,"k":0,"ix":5},"lc":1,"lj":1,"ml":4,"bm":0,"nm":"Stroke 1","mn":"ADBE Vector Graphic - Stroke","hd":false},{"ty":"fl","c":{"a":0,"k":[1,1,1,1],"ix":4},"o":{"a":0,"k":100,"ix":5},"r":1,"bm":0,"nm":"Fill 1","mn":"ADBE Vector Graphic - Fill","hd":false},{"ty":"tr","p":{"a":0,"k":[378,231],"ix":2},"a":{"a":0,"k":[0,0],"ix":1},"s":{"a":0,"k":[100,100],"ix":3},"r":{"a":0,"k":0,"ix":6},"o":{"a":0,"k":100,"ix":7},"sk":{"a":0,"k":0,"ix":4},"sa":{"a":0,"k":0,"ix":5},"nm":"Transform"}],"nm":"Ellipse 1","np":3,"cix":2,"bm":0,"ix":1,"mn":"ADBE Vector Group","hd":false}],"ip":0,"op":300,"st":0,"bm":0},{"ddd":0,"ind":7,"ty":4,"nm":"Shape Layer 5","sr":1,"ks":{"o":{"a":0,"k":70,"ix":11},"r":{"a":0,"k":0,"ix":10},"p":{"a":0,"k":[750,750,0],"ix":2,"l":2},"a":{"a":0,"k":[8,-34,0],"ix":1,"l":2},"s":{"a":1,"k":[{"i":{"x":[0.584,0.584,0.667],"y":[1,1,1]},"o":{"x":[0.403,0.403,0.333],"y":[0,0,0]},"t":0,"s":[59.935,59.935,100]},{"i":{"x":[0.611,0.611,0.667],"y":[1.148,1.148,1]},"o":{"x":[0.38,0.38,0.333],"y":[-0.345,-0.345,0]},"t":120,"s":[59.935,59.935,100]},{"t":299,"s":[59.935,59.935,100]}],"ix":6,"l":2}},"ao":0,"shapes":[{"ty":"gr","it":[{"d":1,"ty":"el","s":{"a":0,"k":[888.562,888.562],"ix":2},"p":{"a":0,"k":[0,0],"ix":3},"nm":"Ellipse Path 1","mn":"ADBE Vector Shape - Ellipse","hd":false},{"ty":"st","c":{"a":0,"k":[0.96470600203,0.701960963829,0.501960963829,1],"ix":3},"o":{"a":0,"k":100,"ix":4},"w":{"a":0,"k":0,"ix":5},"lc":1,"lj":1,"ml":4,"bm":0,"nm":"Stroke 1","mn":"ADBE Vector Graphic - Stroke","hd":false},{"ty":"fl","c":{"a":0,"k":[1,1,1,1],"ix":4},"o":{"a":0,"k":100,"ix":5},"r":1,"bm":0,"nm":"Fill 1","mn":"ADBE Vector Graphic - Fill","hd":false},{"ty":"tr","p":{"a":0,"k":[8,-34],"ix":2},"a":{"a":0,"k":[0,0],"ix":1},"s":{"a":0,"k":[100,100],"ix":3},"r":{"a":0,"k":0,"ix":6},"o":{"a":0,"k":100,"ix":7},"sk":{"a":0,"k":0,"ix":4},"sa":{"a":0,"k":0,"ix":5},"nm":"Transform"}],"nm":"Ellipse 1","np":3,"cix":2,"bm":0,"ix":1,"mn":"ADBE Vector Group","hd":false}],"ip":0,"op":300,"st":0,"bm":0},{"ddd":0,"ind":8,"ty":4,"nm":"Shape Layer 4","sr":1,"ks":{"o":{"a":0,"k":50,"ix":11},"r":{"a":0,"k":0,"ix":10},"p":{"a":0,"k":[750,750,0],"ix":2,"l":2},"a":{"a":0,"k":[8,-34,0],"ix":1,"l":2},"s":{"a":1,"k":[{"i":{"x":[0.584,0.584,0.667],"y":[1,1,1]},"o":{"x":[0.403,0.403,0.333],"y":[0,0,0]},"t":0,"s":[59.935,59.935,100]},{"i":{"x":[0.611,0.611,0.667],"y":[1,1,1]},"o":{"x":[0.38,0.38,0.333],"y":[0,0,0]},"t":120,"s":[68.038,68.038,100]},{"t":299,"s":[59.935,59.935,100]}],"ix":6,"l":2}},"ao":0,"shapes":[{"ty":"gr","it":[{"d":1,"ty":"el","s":{"a":0,"k":[888.562,888.562],"ix":2},"p":{"a":0,"k":[0,0],"ix":3},"nm":"Ellipse Path 1","mn":"ADBE Vector Shape - Ellipse","hd":false},{"ty":"st","c":{"a":0,"k":[0.96470600203,0.701960963829,0.501960963829,1],"ix":3},"o":{"a":0,"k":100,"ix":4},"w":{"a":0,"k":0,"ix":5},"lc":1,"lj":1,"ml":4,"bm":0,"nm":"Stroke 1","mn":"ADBE Vector Graphic - Stroke","hd":false},{"ty":"fl","c":{"a":0,"k":[1,1,1,1],"ix":4},"o":{"a":0,"k":100,"ix":5},"r":1,"bm":0,"nm":"Fill 1","mn":"ADBE Vector Graphic - Fill","hd":false},{"ty":"tr","p":{"a":0,"k":[8,-34],"ix":2},"a":{"a":0,"k":[0,0],"ix":1},"s":{"a":0,"k":[100,100],"ix":3},"r":{"a":0,"k":0,"ix":6},"o":{"a":0,"k":100,"ix":7},"sk":{"a":0,"k":0,"ix":4},"sa":{"a":0,"k":0,"ix":5},"nm":"Transform"}],"nm":"Ellipse 1","np":3,"cix":2,"bm":0,"ix":1,"mn":"ADBE Vector Group","hd":false}],"ip":0,"op":300,"st":0,"bm":0},{"ddd":0,"ind":9,"ty":4,"nm":"Shape Layer 3","sr":1,"ks":{"o":{"a":0,"k":30,"ix":11},"r":{"a":0,"k":0,"ix":10},"p":{"a":0,"k":[750,750,0],"ix":2,"l":2},"a":{"a":0,"k":[8,-34,0],"ix":1,"l":2},"s":{"a":1,"k":[{"i":{"x":[0.584,0.584,0.667],"y":[1,1,1]},"o":{"x":[0.403,0.403,0.333],"y":[0,0,0]},"t":0,"s":[59.935,59.935,100]},{"i":{"x":[0.611,0.611,0.667],"y":[1,1,1]},"o":{"x":[0.38,0.38,0.333],"y":[0,0,0]},"t":120,"s":[77.042,77.042,100]},{"t":299,"s":[59.935,59.935,100]}],"ix":6,"l":2}},"ao":0,"shapes":[{"ty":"gr","it":[{"d":1,"ty":"el","s":{"a":0,"k":[888.562,888.562],"ix":2},"p":{"a":0,"k":[0,0],"ix":3},"nm":"Ellipse Path 1","mn":"ADBE Vector Shape - Ellipse","hd":false},{"ty":"st","c":{"a":0,"k":[0.96470600203,0.701960963829,0.501960963829,1],"ix":3},"o":{"a":0,"k":100,"ix":4},"w":{"a":0,"k":0,"ix":5},"lc":1,"lj":1,"ml":4,"bm":0,"nm":"Stroke 1","mn":"ADBE Vector Graphic - Stroke","hd":false},{"ty":"fl","c":{"a":0,"k":[1,1,1,1],"ix":4},"o":{"a":0,"k":100,"ix":5},"r":1,"bm":0,"nm":"Fill 1","mn":"ADBE Vector Graphic - Fill","hd":false},{"ty":"tr","p":{"a":0,"k":[8,-34],"ix":2},"a":{"a":0,"k":[0,0],"ix":1},"s":{"a":0,"k":[100,100],"ix":3},"r":{"a":0,"k":0,"ix":6},"o":{"a":0,"k":100,"ix":7},"sk":{"a":0,"k":0,"ix":4},"sa":{"a":0,"k":0,"ix":5},"nm":"Transform"}],"nm":"Ellipse 1","np":3,"cix":2,"bm":0,"ix":1,"mn":"ADBE Vector Group","hd":false}],"ip":0,"op":300,"st":0,"bm":0},{"ddd":0,"ind":10,"ty":4,"nm":"Shape Layer 2","sr":1,"ks":{"o":{"a":0,"k":10,"ix":11},"r":{"a":0,"k":0,"ix":10},"p":{"a":0,"k":[750,750,0],"ix":2,"l":2},"a":{"a":0,"k":[8,-34,0],"ix":1,"l":2},"s":{"a":1,"k":[{"i":{"x":[0.584,0.584,0.667],"y":[1,1,1]},"o":{"x":[0.403,0.403,0.333],"y":[0,0,0]},"t":0,"s":[59.935,59.935,100]},{"i":{"x":[0.611,0.611,0.667],"y":[1,1,1]},"o":{"x":[0.38,0.38,0.333],"y":[0,0,0]},"t":120,"s":[84.694,84.694,100]},{"t":299,"s":[59.935,59.935,100]}],"ix":6,"l":2}},"ao":0,"shapes":[{"ty":"gr","it":[{"d":1,"ty":"el","s":{"a":0,"k":[888.562,888.562],"ix":2},"p":{"a":0,"k":[0,0],"ix":3},"nm":"Ellipse Path 1","mn":"ADBE Vector Shape - Ellipse","hd":false},{"ty":"st","c":{"a":0,"k":[0.96470600203,0.701960963829,0.501960963829,1],"ix":3},"o":{"a":0,"k":100,"ix":4},"w":{"a":0,"k":0,"ix":5},"lc":1,"lj":1,"ml":4,"bm":0,"nm":"Stroke 1","mn":"ADBE Vector Graphic - Stroke","hd":false},{"ty":"fl","c":{"a":0,"k":[1,1,1,1],"ix":4},"o":{"a":0,"k":100,"ix":5},"r":1,"bm":0,"nm":"Fill 1","mn":"ADBE Vector Graphic - Fill","hd":false},{"ty":"tr","p":{"a":0,"k":[8,-34],"ix":2},"a":{"a":0,"k":[0,0],"ix":1},"s":{"a":0,"k":[100,100],"ix":3},"r":{"a":0,"k":0,"ix":6},"o":{"a":0,"k":100,"ix":7},"sk":{"a":0,"k":0,"ix":4},"sa":{"a":0,"k":0,"ix":5},"nm":"Transform"}],"nm":"Ellipse 1","np":3,"cix":2,"bm":0,"ix":1,"mn":"ADBE Vector Group","hd":false}],"ip":0,"op":300,"st":0,"bm":0},{"ddd":0,"ind":13,"ty":4,"nm":"Shape Layer 7","sr":1,"ks":{"o":{"a":0,"k":100,"ix":11},"r":{"a":0,"k":0,"ix":10},"p":{"a":0,"k":[750,750,0],"ix":2,"l":2},"a":{"a":0,"k":[8,-34,0],"ix":1,"l":2},"s":{"a":0,"k":[98.199,98.199,100],"ix":6,"l":2}},"ao":0,"hasMask":true,"masksProperties":[{"inv":false,"mode":"a","pt":{"a":0,"k":{"i":[[0,0],[-128.618,-230.755],[24.522,-90.627],[2.037,0],[0,0],[0,0]],"o":[[0,0],[69.247,124.237],[-46.843,173.118],[-2.037,0],[0,0],[0,0]],"v":[[29.895,-538.586],[454.032,-239.704],[488.655,108.567],[310.446,340.747],[38.55,-34],[30.623,-448.469]],"c":true},"ix":1},"o":{"a":0,"k":100,"ix":3},"x":{"a":0,"k":0,"ix":4},"nm":"Mask 1"}],"shapes":[{"ty":"gr","it":[{"d":1,"ty":"el","s":{"a":0,"k":[888.562,888.562],"ix":2},"p":{"a":0,"k":[0,0],"ix":3},"nm":"Ellipse Path 1","mn":"ADBE Vector Shape - Ellipse","hd":false},{"ty":"st","c":{"a":0,"k":[1,1,1,1],"ix":3},"o":{"a":0,"k":100,"ix":4},"w":{"a":0,"k":20,"ix":5},"lc":1,"lj":1,"ml":4,"bm":0,"nm":"Stroke 1","mn":"ADBE Vector Graphic - Stroke","hd":false},{"ty":"tr","p":{"a":0,"k":[8,-34],"ix":2},"a":{"a":0,"k":[0,0],"ix":1},"s":{"a":0,"k":[100,100],"ix":3},"r":{"a":0,"k":0,"ix":6},"o":{"a":0,"k":100,"ix":7},"sk":{"a":0,"k":0,"ix":4},"sa":{"a":0,"k":0,"ix":5},"nm":"Transform"}],"nm":"Ellipse 1","np":3,"cix":2,"bm":0,"ix":1,"mn":"ADBE Vector Group","hd":false}],"ip":0,"op":300,"st":0,"bm":0},{"ddd":0,"ind":14,"ty":4,"nm":"Shape Layer 1","sr":1,"ks":{"o":{"a":0,"k":100,"ix":11},"r":{"a":0,"k":0,"ix":10},"p":{"a":0,"k":[750,750,0],"ix":2,"l":2},"a":{"a":0,"k":[8,-34,0],"ix":1,"l":2},"s":{"a":0,"k":[98.199,98.199,100],"ix":6,"l":2}},"ao":0,"hasMask":true,"masksProperties":[{"inv":false,"mode":"a","pt":{"a":0,"k":{"i":[[0,0],[24.44,-334.015],[-240.327,-40.733],[2.037,0],[0,0],[0,0],[0,0]],"o":[[0,0],[-15.811,216.087],[240.328,40.734],[-0.434,0],[0,0],[0,0],[0,0]],"v":[[-15.422,-545.714],[-499.132,-107.32],[-177.337,444.618],[264.876,360.86],[231.534,317.045],[10.037,-34],[-14.296,-442.359]],"c":true},"ix":1},"o":{"a":0,"k":100,"ix":3},"x":{"a":0,"k":0,"ix":4},"nm":"Mask 1"}],"shapes":[{"ty":"gr","it":[{"d":1,"ty":"el","s":{"a":0,"k":[888.562,888.562],"ix":2},"p":{"a":0,"k":[0,0],"ix":3},"nm":"Ellipse Path 1","mn":"ADBE Vector Shape - Ellipse","hd":false},{"ty":"st","c":{"a":0,"k":[1,1,1,1],"ix":3},"o":{"a":0,"k":100,"ix":4},"w":{"a":0,"k":20,"ix":5},"lc":1,"lj":1,"ml":4,"bm":0,"nm":"Stroke 1","mn":"ADBE Vector Graphic - Stroke","hd":false},{"ty":"tr","p":{"a":0,"k":[8,-34],"ix":2},"a":{"a":0,"k":[0,0],"ix":1},"s":{"a":0,"k":[100,100],"ix":3},"r":{"a":0,"k":0,"ix":6},"o":{"a":0,"k":100,"ix":7},"sk":{"a":0,"k":0,"ix":4},"sa":{"a":0,"k":0,"ix":5},"nm":"Transform"}],"nm":"Ellipse 1","np":3,"cix":2,"bm":0,"ix":1,"mn":"ADBE Vector Group","hd":false}],"ip":0,"op":300,"st":0,"bm":0}],"markers":[{"tm":0,"cm":"1","dr":0},{"tm":120,"cm":"2","dr":0},{"tm":299,"cm":"3","dr":0}],"chars":[{"ch":"B","size":45,"style":"500","w":61.7,"data":{"shapes":[{"ty":"gr","it":[{"ind":0,"ty":"sh","ix":1,"ks":{"a":0,"k":{"i":[[0,0],[-4.532,0],[0,0],[0,13.394],[7.553,2.216],[0,0],[0,7.755],[11.984,0],[0,0],[0,0],[0,0]],"o":[[0,4.532],[0,0],[12.589,0],[0,-7.956],[0,0],[4.733,-2.316],[0,-11.481],[0,0],[0,0],[0,0],[0,0]],"v":[[10.272,-6.445],[16.718,0],[34.744,0],[57.605,-20.242],[45.923,-37.463],[45.923,-37.665],[54.785,-52.972],[34.14,-71.1],[3.726,-71.1],[3.726,-62.439],[10.272,-62.439]],"c":true},"ix":2},"nm":"B","mn":"ADBE Vector Shape - Group","hd":false},{"ind":1,"ty":"sh","ix":2,"ks":{"a":0,"k":{"i":[[0,0],[0,0],[0,0],[0,-6.244],[6.244,0]],"o":[[0,0],[0,0],[6.647,0],[0,6.244],[0,0]],"v":[[20.343,-41.19],[20.343,-62.439],[34.039,-62.439],[44.513,-51.965],[34.241,-41.19]],"c":true},"ix":2},"nm":"B","mn":"ADBE Vector Shape - Group","hd":false},{"ind":2,"ty":"sh","ix":3,"ks":{"a":0,"k":{"i":[[0,1.41],[0,0],[0,0],[0,-7.251],[7.553,0],[0,0]],"o":[[0,0],[0,0],[7.251,0],[0,7.251],[0,0],[-1.41,0]],"v":[[20.343,-10.876],[20.343,-32.932],[35.248,-32.932],[47.232,-20.746],[35.248,-8.661],[22.559,-8.661]],"c":true},"ix":2},"nm":"B","mn":"ADBE Vector Shape - Group","hd":false}],"nm":"B","np":6,"cix":2,"bm":0,"ix":1,"mn":"ADBE Vector Group","hd":false}]},"fFamily":"Museo"},{"ch":"r","size":45,"style":"500","w":39.4,"data":{"shapes":[{"ty":"gr","it":[{"ind":0,"ty":"sh","ix":1,"ks":{"a":0,"k":{"i":[[0,0],[0,0],[0,0],[-0.906,2.921],[-6.244,0],[0,0],[0,0],[1.309,0],[2.417,-7.452],[0,0],[0,2.014],[0,0],[4.431,0],[0,0],[0,0],[0,0],[0,-1.511]],"o":[[0,0],[0,0],[0,-3.122],[2.316,-7.553],[1.611,0],[0,0],[0,0],[-7.855,0],[0,0],[0,0],[0,0],[0,-4.129],[0,0],[0,0],[0,0],[1.41,0],[0,0]],"v":[[8.56,0],[18.329,0],[18.329,-20.847],[19.537,-30.011],[33.838,-41.995],[36.758,-41.693],[36.758,-51.361],[34.14,-51.562],[18.027,-38.269],[17.825,-38.269],[18.027,-41.794],[18.027,-45.016],[11.481,-50.958],[2.216,-50.958],[2.216,-42.599],[6.345,-42.599],[8.56,-40.384]],"c":true},"ix":2},"nm":"r","mn":"ADBE Vector Shape - Group","hd":false}],"nm":"r","np":3,"cix":2,"bm":0,"ix":1,"mn":"ADBE Vector Group","hd":false}]},"fFamily":"Museo"},{"ch":"e","size":45,"style":"500","w":55.2,"data":{"shapes":[{"ty":"gr","it":[{"ind":0,"ty":"sh","ix":1,"ks":{"a":0,"k":{"i":[[0,-16.214],[-16.113,0],[0,0],[0,0],[8.762,0],[0.604,10.876],[0,0],[0,1.309],[14.301,0]],"o":[[0,15.106],[12.085,0],[0,0],[0,0],[-9.064,0],[0,0],[0,0],[0,-13.193],[-14.502,0]],"v":[[3.625,-25.479],[30.716,1.208],[50.354,-6.244],[46.124,-13.193],[31.219,-7.251],[13.696,-24.271],[50.858,-24.271],[51.16,-28.299],[29.205,-52.167]],"c":true},"ix":2},"nm":"e","mn":"ADBE Vector Shape - Group","hd":false},{"ind":1,"ty":"sh","ix":2,"ks":{"a":0,"k":{"i":[[0,0],[-7.452,0],[-0.302,-8.459]],"o":[[1.511,-8.459],[6.345,0],[0,0]],"v":[[14.099,-31.421],[29.105,-44.412],[41.089,-31.421]],"c":true},"ix":2},"nm":"e","mn":"ADBE Vector Shape - Group","hd":false}],"nm":"e","np":5,"cix":2,"bm":0,"ix":1,"mn":"ADBE Vector Group","hd":false}]},"fFamily":"Museo"},{"ch":"a","size":45,"style":"500","w":54.4,"data":{"shapes":[{"ty":"gr","it":[{"ind":0,"ty":"sh","ix":1,"ks":{"a":0,"k":{"i":[[0,-16.415],[-8.762,0],[0,0],[0,0],[0,-1.712],[-4.532,0],[0,0],[0,0],[0,0],[0,1.511],[0,0],[16.516,0],[0,-8.359],[0,0],[0,0],[0,0],[-2.417,0],[0,-8.963],[0,0],[0,0]],"o":[[0,10.172],[12.186,0],[0,0],[0,0],[0,3.625],[0,0],[0,0],[0,0],[-1.41,0],[0,0],[0,-11.279],[-4.935,0],[0,0],[0,0],[0,0],[0,-3.323],[7.956,0],[0,0],[0,0],[-8.56,0]],"v":[[3.726,-14.301],[21.048,1.208],[37.262,-8.862],[37.463,-8.862],[37.262,-5.841],[43.607,0],[52.771,0],[52.771,-8.359],[48.642,-8.359],[46.426,-10.574],[46.426,-32.227],[25.479,-52.167],[7.855,-42.599],[7.855,-37.564],[17.02,-37.564],[17.02,-40.485],[25.378,-44.412],[36.658,-32.227],[36.658,-31.723],[34.442,-31.723]],"c":true},"ix":2},"nm":"a","mn":"ADBE Vector Shape - Group","hd":false},{"ind":1,"ty":"sh","ix":2,"ks":{"a":0,"k":{"i":[[0,4.129],[-7.352,0],[0,0],[0,0],[8.258,0]],"o":[[0,-9.366],[0,0],[0,0],[0,7.553],[-6.445,0]],"v":[[13.596,-14.804],[34.241,-24.573],[36.758,-24.573],[36.758,-22.861],[23.163,-6.647]],"c":true},"ix":2},"nm":"a","mn":"ADBE Vector Shape - Group","hd":false}],"nm":"a","np":5,"cix":2,"bm":0,"ix":1,"mn":"ADBE Vector Group","hd":false}]},"fFamily":"Museo"},{"ch":"t","size":45,"style":"500","w":35.2,"data":{"shapes":[{"ty":"gr","it":[{"ind":0,"ty":"sh","ix":1,"ks":{"a":0,"k":{"i":[[0,0],[-6.445,0],[0,0],[0,0],[1.41,0],[0,10.172],[0,0],[0,0],[0,0],[0,0],[0,0],[0,0],[0,0],[0,0],[0,0],[0,0]],"o":[[0,17.02],[2.115,0],[0,0],[0,0],[-3.726,0],[0,0],[0,0],[0,0],[0,0],[0,0],[0,0],[0,0],[0,0],[0,0],[0,0],[0,0]],"v":[[8.963,-18.631],[28.4,0.403],[31.824,0.201],[31.824,-8.459],[29.507,-8.258],[18.732,-19.739],[18.732,-43.103],[30.917,-43.103],[30.917,-50.958],[18.732,-50.958],[18.732,-64.957],[9.164,-64.957],[9.164,-50.958],[2.316,-50.958],[2.316,-43.103],[8.963,-43.103]],"c":true},"ix":2},"nm":"t","mn":"ADBE Vector Shape - Group","hd":false}],"nm":"t","np":3,"cix":2,"bm":0,"ix":1,"mn":"ADBE Vector Group","hd":false}]},"fFamily":"Museo"},{"ch":"h","size":45,"style":"500","w":62.2,"data":{"shapes":[{"ty":"gr","it":[{"ind":0,"ty":"sh","ix":1,"ks":{"a":0,"k":{"i":[[0,0],[0,0],[0,0],[-0.705,2.014],[-7.755,0],[0,-7.15],[0,0],[-4.532,0],[0,0],[0,0],[0,0],[0,1.511],[0,0],[11.984,0],[2.216,-4.935],[0,0],[0,2.417],[0,0],[4.532,0],[0,0],[0,0],[0,0],[0,-1.511]],"o":[[0,0],[0,0],[0,-2.417],[2.115,-7.352],[8.157,0],[0,0],[0,4.532],[0,0],[0,0],[0,0],[-1.41,0],[0,0],[0,-12.991],[-10.172,0],[0,0],[0,0],[0,0],[0,-4.33],[0,0],[0,0],[0,0],[1.41,0],[0,0]],"v":[[8.157,0],[17.926,0],[17.926,-23.868],[18.832,-30.615],[34.946,-43.204],[44.614,-30.414],[44.614,-6.445],[51.059,0],[60.626,0],[60.626,-8.359],[56.497,-8.359],[54.282,-10.574],[54.282,-32.629],[36.859,-52.167],[17.926,-40.787],[17.725,-40.787],[17.926,-45.016],[17.926,-64.856],[11.481,-71.1],[1.813,-71.1],[1.813,-62.741],[5.942,-62.741],[8.157,-60.526]],"c":true},"ix":2},"nm":"h","mn":"ADBE Vector Shape - Group","hd":false}],"nm":"h","np":3,"cix":2,"bm":0,"ix":1,"mn":"ADBE Vector Group","hd":false}]},"fFamily":"Museo"},{"ch":" ","size":45,"style":"500","w":26.9,"data":{},"fFamily":"Museo"},{"ch":"i","size":45,"style":"500","w":27.5,"data":{"shapes":[{"ty":"gr","it":[{"ind":0,"ty":"sh","ix":1,"ks":{"a":0,"k":{"i":[[0,0],[0,0],[0,0],[0,0]],"o":[[0,0],[0,0],[0,0],[0,0]],"v":[[9.265,-60.928],[18.027,-60.928],[18.027,-71.1],[9.265,-71.1]],"c":true},"ix":2},"nm":"i","mn":"ADBE Vector Shape - Group","hd":false},{"ind":1,"ty":"sh","ix":2,"ks":{"a":0,"k":{"i":[[0,0],[-4.532,0],[0,0],[0,0],[0,0],[0,1.511],[0,0],[4.532,0],[0,0],[0,0],[0,0],[0,-1.511]],"o":[[0,4.532],[0,0],[0,0],[0,0],[-1.41,0],[0,0],[0,-4.532],[0,0],[0,0],[0,0],[1.41,0],[0,0]],"v":[[9.064,-6.445],[15.509,0],[25.076,0],[25.076,-8.359],[20.947,-8.359],[18.732,-10.574],[18.732,-44.513],[12.286,-50.958],[2.719,-50.958],[2.719,-42.599],[6.848,-42.599],[9.064,-40.384]],"c":true},"ix":2},"nm":"i","mn":"ADBE Vector Shape - Group","hd":false}],"nm":"i","np":5,"cix":2,"bm":0,"ix":1,"mn":"ADBE Vector Group","hd":false}]},"fFamily":"Museo"},{"ch":"n","size":45,"style":"500","w":62.6,"data":{"shapes":[{"ty":"gr","it":[{"ind":0,"ty":"sh","ix":1,"ks":{"a":0,"k":{"i":[[0,0],[0,0],[0,0],[-0.705,2.014],[-7.855,0],[0,-7.15],[0,0],[-4.532,0],[0,0],[0,0],[0,0],[0,1.511],[0,0],[12.085,0],[2.014,-4.431],[0,0],[0,1.611],[0,0],[4.33,0],[0,0],[0,0],[0,0],[0,-1.511]],"o":[[0,0],[0,0],[0,-2.518],[2.014,-7.352],[8.157,0],[0,0],[0,4.532],[0,0],[0,0],[0,0],[-1.41,0],[0,0],[0,-12.991],[-11.078,0],[0,0],[0,0],[0,0],[0,-3.726],[0,0],[0,0],[0,0],[1.41,0],[0,0]],"v":[[8.56,0],[18.329,0],[18.329,-23.868],[19.235,-30.716],[35.349,-43.204],[44.916,-30.414],[44.916,-6.445],[51.361,0],[61.029,0],[61.029,-8.359],[56.9,-8.359],[54.684,-10.574],[54.684,-32.629],[37.161,-52.167],[18.027,-40.485],[17.825,-40.485],[18.027,-43.405],[18.027,-45.319],[11.581,-50.958],[2.216,-50.958],[2.216,-42.599],[6.345,-42.599],[8.56,-40.384]],"c":true},"ix":2},"nm":"n","mn":"ADBE Vector Shape - Group","hd":false}],"nm":"n","np":3,"cix":2,"bm":0,"ix":1,"mn":"ADBE Vector Group","hd":false}]},"fFamily":"Museo"},{"ch":"o","size":45,"style":"500","w":61.7,"data":{"shapes":[{"ty":"gr","it":[{"ind":0,"ty":"sh","ix":1,"ks":{"a":0,"k":{"i":[[0,-15.408],[-15.207,0],[0,15.509],[15.207,0]],"o":[[0,15.509],[15.207,0],[0,-15.408],[-15.207,0]],"v":[[3.625,-25.58],[31.018,1.208],[58.511,-25.58],[31.018,-52.167]],"c":true},"ix":2},"nm":"o","mn":"ADBE Vector Shape - Group","hd":false},{"ind":1,"ty":"sh","ix":2,"ks":{"a":0,"k":{"i":[[0,10.675],[-9.567,0],[0,-10.574],[9.668,0]],"o":[[0,-10.574],[9.668,0],[0,10.675],[-9.567,0]],"v":[[13.596,-25.58],[31.018,-43.707],[48.541,-25.58],[31.018,-7.251]],"c":true},"ix":2},"nm":"o","mn":"ADBE Vector Shape - Group","hd":false}],"nm":"o","np":5,"cix":2,"bm":0,"ix":1,"mn":"ADBE Vector Group","hd":false}]},"fFamily":"Museo"},{"ch":"u","size":45,"style":"500","w":62.1,"data":{"shapes":[{"ty":"gr","it":[{"ind":0,"ty":"sh","ix":1,"ks":{"a":0,"k":{"i":[[0,0],[-11.481,0],[-2.115,5.035],[0,0],[0,-1.611],[0,0],[-4.33,0],[0,0],[0,0],[0,0],[0,1.511],[0,0],[0,0],[0,0],[10.474,0],[0,7.05],[0,0],[4.633,0],[0,0],[0,0],[0,0],[0,-1.511]],"o":[[0,13.495],[10.071,0],[0,0],[0,0],[0,0],[0,3.625],[0,0],[0,0],[0,0],[-1.41,0],[0,0],[0,0],[0,0],[0,10.071],[-8.057,0],[0,0],[0,-4.33],[0,0],[0,0],[0,0],[1.41,0],[0,0]],"v":[[8.359,-18.329],[25.681,1.208],[44.412,-10.474],[44.614,-10.474],[44.513,-7.553],[44.513,-5.64],[50.958,0],[60.324,0],[60.324,-8.359],[56.195,-8.359],[53.979,-10.574],[53.979,-50.958],[44.211,-50.958],[44.211,-27.09],[27.594,-7.855],[18.127,-20.544],[18.127,-44.714],[11.581,-50.958],[2.014,-50.958],[2.014,-42.599],[6.143,-42.599],[8.359,-40.384]],"c":true},"ix":2},"nm":"u","mn":"ADBE Vector Shape - Group","hd":false}],"nm":"u","np":3,"cix":2,"bm":0,"ix":1,"mn":"ADBE Vector Group","hd":false}]},"fFamily":"Museo"}]}