{
  "project_info": {
    "project_number": "685254794139",
    "project_id": "mdpro-55408",
    "storage_bucket": "mdpro-55408.appspot.com"
  },
  "client": [
    {
      "client_info": {
        "mobilesdk_app_id": "1:685254794139:android:d902ec33859048660d1f3e",
        "android_client_info": {
          "package_name": "com.miu.meditationapp"
        }
      },
      "oauth_client": [
        {
          "client_id": "685254794139-6oe4asmgsm8p4io3c3tj69rueasstsgs.apps.googleusercontent.com",
          "client_type": 3
        }
      ],
      "api_key": [
        {
          "current_key": "AIzaSyAQCrh1Y1-ZQuCoCK0iMhgLlKNbxoBOoI4"
        }
      ],
      "services": {
        "appinvite_service": {
          "other_platform_oauth_client": [
            {
              "client_id": "685254794139-6oe4asmgsm8p4io3c3tj69rueasstsgs.apps.googleusercontent.com",
              "client_type": 3
            }
          ]
        }
      }
    }
  ],
  "configuration_version": "1"
}